id,char,freq
0,<pad>,0
1,<sos>,0
2,<eos>,0
3, ,1152102
4,.,127808
5,그,111080
6,이,101831
7,는,75032
8,아,74320
9,가,73610
10,고,71435
11,어,66749
12,거,61058
13,지,54634
14,데,49597
15,?,46646
16,나,45657
17,하,45313
18,다,44033
19,서,42264
20,에,40835
21,도,38267
22,게,35323
23,니,34432
24,기,29545
25,은,28821
26,면,28389
27,야,27360
28,있,26574
29,한,24303
30,을,24036
31,까,23619
32,해,23018
33,리,22319
34,라,22153
35,래,21305
36,사,19945
37,들,19839
38,근,19816
39,안,19524
40,로,18394
41,일,17523
42,뭐,17283
43,내,17015
44,보,16491
45,제,16058
46,같,15992
47,만,15181
48,자,15068
49,시,14474
50,런,14165
51,너,13847
52,대,13650
53,때,13317
54,되,13231
55,으,13086
56,진,12646
57,잖,12316
58,를,12207
59,오,12142
60,막,12110
61,러,12109
62,인,11878
63,무,11708
64,었,11545
65,수,11350
66,구,11314
67,했,11243
68,간,11099
69,애,10928
70,요,10681
71,우,10652
72,마,10644
73,생,10554
74,렇,10105
75,냥,9976
76,짜,9964
77,주,9781
78,없,9715
79,말,9564
80,학,9233
81,스,9195
82,더,8894
83,많,8706
84,원,8312
85,음,8111
86,정,7974
87,겠,7908
88,먹,7815
89,여,7792
90,금,7791
91,든,7765
92,할,7719
93,부,7639
94,전,7393
95,좋,7318
96,번,7247
97,네,7176
98,랑,7038
99,람,6814
100,약,6750
101,건,6579
102,각,6397
103,좀,6379
104,알,6202
105,잘,6073
106,걸,5941
107,모,5882
108,것,5751
109,려,5613
110,상,5538
111,히,5500
112,않,5444
113,맞,5418
114,장,5404
115,던,5300
116,르,5295
117,교,5288
118,냐,5225
119,날,5162
120,십,5140
121,드,5137
122,단,5092
123,바,5052
124,동,5003
125,치,4971
126,비,4965
127,또,4939
128,저,4903
129,못,4861
130,중,4805
131,의,4757
132,얘,4746
133,엄,4648
134,난,4629
135,봤,4531
136,걔,4509
137,화,4448
138,응,4407
139,싶,4335
140,갔,4234
141,왜,4182
142,집,4174
143,계,4165
144,았,4138
145,공,4123
146,긴,4111
147,신,4106
148,직,4037
149,적,4034
150,연,4012
151,미,3959
152,영,3874
153,실,3834
154,년,3799
155,봐,3777
156,테,3767
157,분,3756
158,트,3696
159,돼,3615
160,세,3595
161,문,3589
162,차,3585
163,와,3546
164,청,3519
165,물,3518
166,터,3510
167,삼,3510
168,예,3502
169,럼,3471
170,소,3447
171,살,3444
172,두,3436
173,친,3421
174,개,3402
175,국,3332
176,재,3277
177,쫌,3240
178,운,3189
179,명,3103
180,랬,3070
181,속,3065
182,빠,3065
183,과,3014
184,본,3002
185,유,2987
186,식,2963
187,갈,2953
188,디,2948
189,방,2947
190,처,2906
191,타,2902
192,돈,2854
193,배,2796
194,심,2758
195,달,2754
196,뭔,2750
197,피,2743
198,월,2724
199,선,2708
200,경,2700
201,언,2697
202,받,2695
203,남,2682
204,점,2647
205,버,2611
206,왔,2602
207,느,2595
208,업,2590
209,성,2587
210,회,2566
211,올,2561
212,른,2552
213,조,2534
214,행,2487
215,따,2437
216,워,2427
217,님,2357
218,반,2356
219,딱,2354
220,관,2295
221,입,2244
222,였,2206
223,카,2201
224,당,2197
225,쪽,2115
226,케,2100
227,찮,2078
228,열,2076
229,누,2074
230,천,2072
231,얼,2061
232,별,2037
233,울,2034
234,작,2032
235,된,2020
236,편,2008
237,노,2005
238,강,2002
239,머,1975
240,위,1968
241,크,1957
242,괜,1957
243,떻,1929
244,쓰,1928
245,몰,1897
246,힘,1878
247,맛,1832
248,파,1828
249,준,1827
250,술,1827
251,줄,1826
252,체,1809
253,임,1805
254,형,1799
255,프,1798
256,즘,1792
257,백,1785
258,맨,1767
259,산,1749
260,용,1744
261,몇,1721
262,새,1715
263,통,1707
264,매,1705
265,키,1702
266,볼,1690
267,등,1677
268,양,1673
269,혼,1644
270,끝,1630
271,싸,1627
272,온,1580
273,발,1576
274,밌,1568
275,길,1563
276,육,1560
277,될,1548
278,슨,1547
279,늘,1541
280,결,1538
281,놀,1531
282,외,1520
283,억,1517
284,됐,1508
285,져,1499
286,호,1494
287,팔,1494
288,레,1464
289,초,1447
290,군,1429
291,솔,1426
292,불,1411
293,감,1385
294,밖,1377
295,밥,1364
296,닌,1345
297,갖,1344
298,포,1342
299,추,1341
300,완,1337
301,싫,1329
302,름,1317
303,티,1301
304,갑,1297
305,격,1282
306,색,1281
307,험,1273
308,토,1270
309,후,1269
310,겨,1265
311,목,1260
312,돌,1251
313,린,1250
314,역,1230
315,확,1225
316,민,1223
317,떤,1209
318,루,1201
319,끼,1179
320,질,1177
321,쪼,1167
322,깐,1167
323,칠,1166
324,필,1138
325,났,1134
326,찍,1130
327,박,1110
328,끔,1099
329,빨,1094
330,낌,1093
331,복,1089
332,력,1088
333,럴,1079
334,써,1074
335,렸,1070
336,락,1061
337,줘,1032
338,취,1022
339,씩,1015
340,최,1013
341,놓,1013
342,페,1011
343,잡,1004
344,종,998
345,둘,996
346,현,994
347,눈,989
348,찾,983
349,브,968
350,담,963
351,벌,962
352,졌,961
353,코,959
354,급,955
355,플,950
356,섯,949
357,앞,947
358,항,939
359,넘,924
360,출,912
361,설,908
362,론,903
363,글,903
364,책,888
365,똑,888
366,귀,888
367,순,885
368,메,883
369,절,878
370,병,878
371,능,874
372,옛,869
373,엔,868
374,습,868
375,폰,865
376,줬,864
377,태,861
378,증,860
379,듣,859
380,튼,838
381,커,838
382,침,832
383,평,828
384,씨,825
385,란,822
386,먼,810
387,접,797
388,표,796
389,큰,792
390,꾸,792
391,쁘,786
392,합,770
393,잠,764
394,붙,753
395,손,743
396,망,741
397,셨,738
398,쉬,735
399,럽,734
400,활,723
401,옷,723
402,족,718
403,웃,712
404,참,696
405,쳐,693
406,죽,693
407,졸,692
408,변,683
409,웠,680
410,투,675
411,랐,675
412,릴,670
413,떨,658
414,뒤,658
415,뭘,657
416,떡,657
417,악,654
418,즈,652
419,충,649
420,홍,641
421,휴,636
422,텐,632
423,쨌,628
424,넣,626
425,셔,621
426,꺼,618
427,짝,605
428,숙,604
429,독,599
430,특,596
431,죠,590
432,빼,590
433,굴,586
434,겼,585
435,쯤,584
436,슬,583
437,패,582
438,풀,579
439,판,578
440,틀,578
441,료,575
442,허,566
443,창,563
444,닐,562
445,켜,561
446,황,557
447,림,556
448,옆,554
449,골,554
450,희,545
451,택,544
452,읽,544
453,핸,536
454,축,536
455,익,534
456,답,531
457,석,526
458,법,525
459,쓸,524
460,향,523
461,북,521
462,품,520
463,슷,517
464,함,516
465,블,512
466,몸,512
467,며,508
468,욕,506
469,랜,506
470,환,501
471,굳,499
472,늦,495
473,혹,487
474,채,485
475,혀,479
476,꼬,476
477,탈,473
478,록,473
479,권,470
480,검,469
481,째,468
482,넌,466
483,깨,466
484,톡,465
485,뽑,465
486,베,460
487,철,459
488,김,458
489,련,456
490,깔,454
491,송,451
492,착,450
493,잔,450
494,퍼,448
495,캐,446
496,끊,446
497,광,445
498,녀,443
499,큼,442
500,곳,442
501,땐,436
502,꼭,434
503,움,433
504,멀,428
505,극,428
506,팀,427
507,C,427
508,짐,426
509,밤,426
510,께,424
511,션,423
512,승,420
513,녁,420
514,떠,419
515,헤,418
516,샀,410
517,류,409
518,암,408
519,딩,408
520,쉽,407
521,빌,407
522,끄,399
523,껴,395
524,벽,394
525,높,391
526,촌,389
527,넷,387
528,곱,385
529,봉,380
530,놨,380
531,논,376
532,걱,373
533,낫,370
534,곤,370
535,뜨,366
536,궁,363
537,튜,361
538,컴,361
539,앉,361
540,쿠,358
541,획,357
542,싼,357
543,클,353
544,맥,348
545,쩌,345
546,찌,340
547,빵,340
548,T,340
549,냈,339
550,킨,335
551,딴,332
552,센,330
553,쁜,330
554,첫,329
555,팅,325
556,걍,322
557,층,321
558,S,321
559,썼,320
560,딸,315
561,씬,314
562,챙,309
563,굉,308
564,텔,304
565,쩔,302
566,쌤,301
567,탄,298
568,밀,294
569,덟,291
570,춰,290
571,찬,290
572,왕,290
573,훨,289
574,뉴,289
575,긍,286
576,핑,279
577,퇴,279
578,탕,279
579,밑,277
580,존,276
581,범,275
582,뛰,273
583,꼈,272
584,짓,271
585,젠,270
586,츠,269
587,닭,268
588,볶,267
589,렌,266
590,듯,261
591,깝,260
592,견,260
593,낮,259
594,콘,257
595,낙,257
596,퓨,256
597,헬,255
598,놔,255
599,녔,254
600,빡,251
601,픈,249
602,탁,249
603,맘,249
604,립,249
605,곡,246
606,땜,242
607,릭,240
608,값,237
609,냄,235
610,킹,233
611,쓴,233
612,렵,233
613,꿈,233
614,규,227
615,훈,226
616,P,226
617,링,225
618,량,224
619,덜,224
620,총,223
621,농,223
622,섭,220
623,램,220
624,쇼,217
625,멋,216
626,효,215
627,턴,215
628,롱,215
629,겁,215
630,깜,212
631,척,211
632,짧,210
633,액,210
634,꿀,210
635,쳤,209
636,뜻,209
637,홉,208
638,믄,208
639,쎄,206
640,덕,206
641,널,206
642,염,204
643,쭉,203
644,웬,200
645,낸,197
646,흥,196
647,혜,195
648,쌓,195
649,낼,195
650,롤,193
651,M,192
652,잤,191
653,컨,189
654,쌍,189
655,뻔,189
656,팬,188
657,득,187
658,싱,186
659,!,186
660,닥,185
661,끌,185
662,녹,183
663,꽤,183
664,튀,182
665,짤,182
666,꿔,182
667,푸,180
668,빈,180
669,찰,179
670,셋,174
671,뻐,174
672,탔,171
673,엽,171
674,맡,171
675,믿,170
676,념,169
677,엑,165
678,켓,164
679,즐,164
680,A,164
681,뿌,163
682,겹,163
683,멘,162
684,칼,161
685,징,161
686,뿐,160
687,뀌,160
688,폭,159
689,롭,159
690,V,159
691,젤,158
692,킬,157
693,땡,156
694,털,155
695,넓,153
696,콜,152
697,몬,152
698,델,151
699,풍,150
700,줌,150
701,잉,150
702,죄,149
703,옮,148
704,땅,148
705,딜,148
706,꽃,148
707,떼,147
708,B,147
709,홀,146
710,콩,146
711,쟁,145
712,빙,145
713,젊,143
714,춤,142
715,웨,138
716,앤,138
717,씀,137
718,룸,137
719,슈,136
720,D,136
721,흔,135
722,즌,135
723,숨,135
724,롯,135
725,눠,135
726,G,135
727,벤,134
728,멍,133
729,흐,131
730,앙,131
731,령,130
732,냉,130
733,폐,129
734,율,129
735,c,129
736,엘,128
737,랄,128
738,짱,127
739,압,126
740,엠,125
741,댓,125
742,웹,124
743,씻,124
744,렀,124
745,폴,123
746,춥,123
747,왠,123
748,삶,123
749,걘,123
750,얻,121
751,닝,121
752,옥,120
753,릿,120
754,댄,120
755,헐,119
756,샤,119
757,템,118
758,엉,118
759,릉,118
760,쁠,117
761,랩,117
762,똥,117
763,깊,117
764,딘,116
765,객,116
766,윤,115
767,쏘,115
768,벗,115
769,벅,115
770,률,115
771,눌,115
772,벨,114
773,p,114
774,쌀,113
775,삭,113
776,낀,113
777,R,112
778,켰,111
779,컬,111
780,뷰,111
781,덩,110
782,꽂,110
783,L,110
784,덴,109
785,걷,109
786,좌,108
787,례,108
788,뚫,107
789,균,107
790,괴,107
791,I,107
792,햄,106
793,쟤,106
794,셀,105
795,땠,105
796,촬,104
797,헌,103
798,탑,103
799,놈,103
800,낳,103
801,혈,102
802,밍,102
803,찜,101
804,럭,101
805,딨,101
806,홈,100
807,펜,100
808,둔,100
809,N,100
810,흰,99
811,싹,99
812,슴,99
813,빛,99
814,O,99
815,첨,98
816,갠,98
817,툰,97
818,캠,97
819,봄,97
820,픽,96
821,섞,96
822,뮤,96
823,뒷,96
824,곧,96
825,t,96
826,팡,94
827,썰,94
828,닫,94
829,s,94
830,핫,93
831,퀴,93
832,춘,93
833,꼴,93
834,깎,93
835,K,93
836,힌,90
837,흘,90
838,펴,90
839,팠,90
840,렁,90
841,꿨,90
842,낭,89
843,엇,88
844,벼,88
845,닮,88
846,납,88
847,낄,88
848,큐,87
849,섬,87
850,핀,86
851,팩,86
852,왼,86
853,틱,85
854,뜬,85
855,둥,85
856,컵,84
857,떴,84
858,턱,83
859,탐,83
860,잃,83
861,앴,83
862,껄,83
863,협,82
864,휘,81
865,컸,81
866,찐,81
867,랙,81
868,혔,80
869,밴,80
870,겸,80
871,칭,79
872,삐,79
873,뼈,79
874,댔,79
875,끓,79
876,꽁,79
877,F,79
878,뚜,78
879,b,78
880,힐,77
881,쿄,77
882,묻,77
883,릇,76
884,뒀,76
885,멜,75
886,렴,75
887,덮,75
888,꼐,75
889,펙,74
890,얀,74
891,밝,74
892,뚝,74
893,덤,73
894,끈,72
895,꼼,72
896,쿨,71
897,측,71
898,샵,71
899,틴,70
900,칙,70
901,뺐,70
902,묵,70
903,곰,70
904,몽,69
905,낚,69
906,깃,69
907,갤,69
908,톤,68
909,쪘,68
910,갚,68
911,띠,67
912,팟,66
913,릎,66
914,뚱,66
915,끗,66
916,짠,65
917,앱,65
918,씹,65
919,빤,65
920,쫄,64
921,샌,64
922,a,64
923,칸,63
924,쭈,63
925,빅,63
926,묶,63
927,꾼,63
928,굽,63
929,혁,62
930,컷,62
931,짬,62
932,썹,62
933,띄,62
934,겉,62
935,캡,61
936,쩍,61
937,븐,61
938,땄,61
939,흡,60
940,흑,60
941,찔,60
942,잇,60
943,얇,60
944,썸,60
945,뀐,60
946,겪,60
947,E,60
948,뽀,59
949,뺀,59
950,렛,59
951,댕,59
952,X,59
953,좁,58
954,뺄,58
955,밟,58
956,땀,58
957,껍,58
958,e,58
959,잊,57
960,쌌,57
961,숭,57
962,쇠,57
963,뽕,57
964,붕,57
965,뜯,57
966,냅,57
967,쫍,56
968,랍,56
969,듬,56
970,닦,56
971,꽉,56
972,헷,55
973,윗,55
974,둬,55
975,쩐,54
976,앨,54
977,듀,54
978,o,54
979,찢,53
980,J,53
981,톱,52
982,엎,52
983,썩,52
984,쉴,52
985,뺏,52
986,긁,52
987,풋,51
988,쫙,51
989,샘,51
990,룹,51
991,늙,51
992,g,51
993,힙,50
994,푼,50
995,쫓,50
996,쩜,50
997,뷔,50
998,렉,50
999,넨,50
1000,v,50
1001,쩡,49
1002,웅,49
1003,랫,49
1004,닿,49
1005,궈,49
1006,n,49
1007,잼,48
1008,뱅,48
1009,믹,48
1010,랭,48
1011,뜩,48
1012,녕,48
1013,귤,48
1014,폼,47
1015,텀,47
1016,캔,47
1017,셜,47
1018,닷,47
1019,꼽,47
1020,껌,47
1021,긋,47
1022,팍,46
1023,촉,46
1024,쪄,46
1025,윈,46
1026,욱,46
1027,엊,46
1028,샐,46
1029,뤄,46
1030,핵,45
1031,쥐,45
1032,맙,45
1033,찝,44
1034,윙,44
1035,묘,44
1036,략,44
1037,쉐,43
1038,숫,43
1039,뻥,43
1040,룰,43
1041,뇌,43
1042,팝,42
1043,콤,42
1044,췄,42
1045,앗,42
1046,셉,42
1047,볍,42
1048,멤,42
1049,m,42
1050,흠,41
1051,흉,41
1052,쭐,41
1053,뻤,41
1054,돋,41
1055,r,41
1056,d,41
1057,쾌,40
1058,쵸,40
1059,빴,40
1060,맹,40
1061,딪,40
1062,덥,40
1063,귄,40
1064,갓,40
1065,펌,39
1066,틈,39
1067,챔,39
1068,넉,39
1069,깡,39
1070,갱,39
1071,탱,38
1072,뺑,38
1073,붓,38
1074,멈,38
1075,맵,38
1076,룩,38
1077,똘,38
1078,쩨,37
1079,엥,37
1080,겐,37
1081,융,36
1082,쌩,36
1083,뱉,36
1084,낯,36
1085,꼰,36
1086,k,36
1087,텍,35
1088,퀘,35
1089,쿼,35
1090,칵,35
1091,쎈,35
1092,빔,35
1093,l,35
1094,혐,34
1095,펑,34
1096,쏟,34
1097,샷,34
1098,봇,34
1099,젝,33
1100,삿,33
1101,뭉,33
1102,댁,33
1103,닉,33
1104,뉘,33
1105,i,33
1106,툭,32
1107,젓,32
1108,옵,32
1109,쌈,32
1110,섹,32
1111,뱃,32
1112,핏,31
1113,퀄,31
1114,옴,31
1115,쑥,31
1116,륵,31
1117,굿,31
1118,훔,30
1119,첩,30
1120,찡,30
1121,짰,30
1122,쥬,30
1123,썬,30
1124,빽,30
1125,맻,30
1126,룬,30
1127,둑,30
1128,푹,29
1129,폈,29
1130,탭,29
1131,밭,29
1132,돔,29
1133,칩,28
1134,젖,28
1135,뿔,28
1136,빚,28
1137,빗,28
1138,띵,28
1139,뎅,28
1140,뇨,28
1141,H,28
1142,훠,27
1143,헛,27
1144,햇,27
1145,펼,27
1146,즉,27
1147,얄,27
1148,앵,27
1149,쏠,27
1150,뀔,27
1151,므,26
1152,맣,26
1153,렬,26
1154,껀,26
1155,귈,26
1156,굔,26
1157,u,26
1158,탓,25
1159,킥,25
1160,옹,25
1161,얹,25
1162,뜰,25
1163,넥,25
1164,껑,25
1165,껏,25
1166,깥,25
1167,탠,24
1168,쿵,24
1169,콕,24
1170,츄,24
1171,첼,24
1172,얜,24
1173,얌,24
1174,쉰,24
1175,숲,24
1176,숏,24
1177,벚,24
1178,뱀,24
1179,맑,24
1180,뢰,24
1181,냬,24
1182,횡,23
1183,펀,23
1184,툴,23
1185,찼,23
1186,왤,23
1187,슥,23
1188,쇄,23
1189,뻘,23
1190,륙,23
1191,됨,23
1192,냠,23
1193,깄,23
1194,팽,22
1195,텝,22
1196,쭤,22
1197,멸,22
1198,멕,22
1199,깼,22
1200,굶,22
1201,훅,21
1202,횟,21
1203,팁,21
1204,퉁,21
1205,쏙,21
1206,숱,21
1207,솜,21
1208,뭣,21
1209,맺,21
1210,릏,21
1211,렷,21
1212,녜,21
1213,넜,21
1214,곽,21
1215,y,21
1216,Y,21
1217,욘,20
1218,옳,20
1219,벙,20
1220,밸,20
1221,뭇,20
1222,럿,20
1223,랗,20
1224,눅,20
1225,괌,20
1226,h,20
1227,쌔,19
1228,슐,19
1229,늑,19
1230,깅,19
1231,f,19
1232,펐,18
1233,텨,18
1234,욜,18
1235,엮,18
1236,삥,18
1237,댈,18
1238,귓,18
1239,겄,18
1240,킵,17
1241,짖,17
1242,웰,17
1243,왓,17
1244,얗,17
1245,싯,17
1246,셰,17
1247,삽,17
1248,뻑,17
1249,벳,17
1250,뛸,17
1251,뚤,17
1252,돗,17
1253,늬,17
1254,꽈,17
1255,겟,17
1256,U,17
1257,틸,16
1258,캄,16
1259,칫,16
1260,쯔,16
1261,줏,16
1262,잌,16
1263,엣,16
1264,숍,16
1265,뻗,16
1266,봅,16
1267,룡,16
1268,덧,16
1269,눕,16
1270,낑,16
1271,갸,16
1272,훌,15
1273,팸,15
1274,팥,15
1275,킴,15
1276,퀸,15
1277,찹,15
1278,쭝,15
1279,쬐,15
1280,쓱,15
1281,섰,15
1282,샴,15
1283,렐,15
1284,뎌,15
1285,닙,15
1286,꺾,15
1287,굵,15
1288,흙,14
1289,횐,14
1290,톨,14
1291,컹,14
1292,짭,14
1293,엿,14
1294,숟,14
1295,셈,14
1296,빕,14
1297,딲,14
1298,늫,14
1299,훑,13
1300,픔,13
1301,퐁,13
1302,퍽,13
1303,텅,13
1304,킷,13
1305,캉,13
1306,읍,13
1307,씌,13
1308,쁨,13
1309,뵙,13
1310,멧,13
1311,맸,13
1312,룻,13
1313,둡,13
1314,깠,13
1315,괘,13
1316,갭,13
1317,갇,13
1318,x,13
1319,펫,12
1320,캘,12
1321,잣,12
1322,왁,12
1323,씸,12
1324,삑,12
1325,륨,12
1326,됩,12
1327,껐,12
1328,깍,12
1329,괄,12
1330,곈,12
1331,홋,11
1332,펭,11
1333,펄,11
1334,팜,11
1335,텼,11
1336,쿡,11
1337,첸,11
1338,찻,11
1339,쩰,11
1340,젬,11
1341,앚,11
1342,샾,11
1343,샹,11
1344,샜,11
1345,붐,11
1346,붉,11
1347,벡,11
1348,륜,11
1349,롬,11
1350,됬,11
1351,뎃,11
1352,꿇,11
1353,껜,11
1354,헝,10
1355,핬,10
1356,핍,10
1357,튕,10
1358,텃,10
1359,콧,10
1360,짼,10
1361,얕,10
1362,쏴,10
1363,솥,10
1364,섀,10
1365,뾰,10
1366,뵈,10
1367,렙,10
1368,뛴,10
1369,뒹,10
1370,돕,10
1371,넛,10
1372,끙,10
1373,꾹,10
1374,깰,10
1375,깬,10
1376,겜,10
1377,갯,10
1378,j,10
1379,퀵,9
1380,츤,9
1381,챠,9
1382,쫑,9
1383,쫀,9
1384,짹,9
1385,짚,9
1386,즙,9
1387,줍,9
1388,젯,9
1389,쟀,9
1390,잰,9
1391,잎,9
1392,읏,9
1393,윌,9
1394,씁,9
1395,썪,9
1396,삘,9
1397,뻣,9
1398,몫,9
1399,뜸,9
1400,뗐,9
1401,뗄,9
1402,둠,9
1403,W,9
1404,휠,8
1405,헉,8
1406,핥,8
1407,폿,8
1408,큘,8
1409,캥,8
1410,윽,8
1411,웜,8
1412,왈,8
1413,엌,8
1414,앰,8
1415,앓,8
1416,씽,8
1417,쑤,8
1418,쏭,8
1419,셌,8
1420,샬,8
1421,뽈,8
1422,뵀,8
1423,밲,8
1424,랴,8
1425,딥,8
1426,둣,8
1427,꿍,8
1428,꿋,8
1429,깁,8
1430,w,8
1431,흩,7
1432,펠,7
1433,쿤,7
1434,컥,7
1435,캣,7
1436,춧,7
1437,윷,7
1438,옇,7
1439,얽,7
1440,싣,7
1441,슛,7
1442,쉼,7
1443,맴,7
1444,륭,7
1445,뤘,7
1446,랖,7
1447,똔,7
1448,꾀,7
1449,궤,7
1450,궐,7
1451,곁,7
1452,겔,7
1453,갛,7
1454,Q,7
1455,휩,6
1456,휙,6
1457,헥,6
1458,푠,6
1459,킁,6
1460,켄,6
1461,츰,6
1462,쯧,6
1463,짙,6
1464,좆,6
1465,잭,6
1466,쌰,6
1467,슝,6
1468,슉,6
1469,숯,6
1470,삔,6
1471,뿜,6
1472,뼛,6
1473,봬,6
1474,봔,6
1475,밉,6
1476,뮬,6
1477,룐,6
1478,랠,6
1479,똠,6
1480,뗘,6
1481,떵,6
1482,댐,6
1483,닛,6
1484,눴,6
1485,눔,6
1486,냔,6
1487,낵,6
1488,꺄,6
1489,헨,5
1490,핼,5
1491,튈,5
1492,툼,5
1493,탬,5
1494,쾅,5
1495,켔,5
1496,췌,5
1497,촛,5
1498,챡,5
1499,챌,5
1500,챈,5
1501,쭘,5
1502,쫘,5
1503,쟈,5
1504,윳,5
1505,웩,5
1506,옐,5
1507,얍,5
1508,쐈,5
1509,쏜,5
1510,썽,5
1511,숄,5
1512,삠,5
1513,뽐,5
1514,밋,5
1515,멩,5
1516,맏,5
1517,릅,5
1518,렘,5
1519,띡,5
1520,뗀,5
1521,떄,5
1522,듭,5
1523,뎁,5
1524,냇,5
1525,낡,5
1526,끕,5
1527,꿉,5
1528,꺠,5
1529,궜,5
1530,굼,5
1531,곶,5
1532,걀,5
1533,훼,4
1534,튠,4
1535,톰,4
1536,텁,4
1537,켈,4
1538,캇,4
1539,챘,4
1540,쩝,4
1541,쨈,4
1542,잴,4
1543,읔,4
1544,읎,4
1545,윰,4
1546,얠,4
1547,쉘,4
1548,숴,4
1549,솟,4
1550,섣,4
1551,빳,4
1552,빰,4
1553,빢,4
1554,볕,4
1555,밧,4
1556,및,4
1557,묽,4
1558,멱,4
1559,멨,4
1560,맷,4
1561,띨,4
1562,띃,4
1563,땔,4
1564,딧,4
1565,딤,4
1566,딛,4
1567,뎠,4
1568,덱,4
1569,늠,4
1570,넬,4
1571,넙,4
1572,냑,4
1573,끍,4
1574,긱,4
1575,긌,4
1576,걜,4
1577,갰,4
1578,q,4
1579,훗,3
1580,횔,3
1581,헹,3
1582,햐,3
1583,핌,3
1584,퓸,3
1585,펍,3
1586,팎,3
1587,쿰,3
1588,촥,3
1589,챕,3
1590,쨰,3
1591,쥴,3
1592,죙,3
1593,잦,3
1594,웁,3
1595,옌,3
1596,씰,3
1597,쑈,3
1598,쐬,3
1599,쎌,3
1600,쌂,3
1601,슌,3
1602,숑,3
1603,뿡,3
1604,뽂,3
1605,뽁,3
1606,뼘,3
1607,뻠,3
1608,뵐,3
1609,밎,3
1610,믈,3
1611,뮌,3
1612,룽,3
1613,롸,3
1614,닳,3
1615,늪,3
1616,늄,3
1617,놋,3
1618,넹,3
1619,끽,3
1620,깟,3
1621,굘,3
1622,곪,3
1623,곗,3
1624,갬,3
1625,3,3
1626,2,3
1627,힝,2
1628,힉,2
1629,훤,2
1630,혠,2
1631,헜,2
1632,헀,2
1633,퓰,2
1634,푯,2
1635,펨,2
1636,팼,2
1637,팰,2
1638,틋,2
1639,튿,2
1640,퉤,2
1641,탯,2
1642,큔,2
1643,콸,2
1644,콱,2
1645,콥,2
1646,켠,2
1647,촘,2
1648,쳔,2
1649,쳇,2
1650,첵,2
1651,챗,2
1652,쯩,2
1653,쯘,2
1654,쬬,2
1655,쩠,2
1656,쩄,2
1657,쨍,2
1658,쨀,2
1659,짢,2
1660,젼,2
1661,젱,2
1662,쟨,2
1663,읗,2
1664,읒,2
1665,웍,2
1666,욧,2
1667,옫,2
1668,옅,2
1669,앝,2
1670,쑨,2
1671,쏵,2
1672,쎘,2
1673,썅,2
1674,쌘,2
1675,슘,2
1676,셤,2
1677,샨,2
1678,샥,2
1679,뿅,2
1680,뼌,2
1681,뺨,2
1682,뺌,2
1683,뵌,2
1684,볌,2
1685,믕,2
1686,뭥,2
1687,몹,2
1688,멓,2
1689,맬,2
1690,뤼,2
1691,롹,2
1692,렝,2
1693,렜,2
1694,랏,2
1695,뚠,2
1696,뙤,2
1697,떳,2
1698,떰,2
1699,떈,2
1700,땋,2
1701,딕,2
1702,듦,2
1703,뒨,2
1704,뎀,2
1705,닯,2
1706,넝,2
1707,낱,2
1708,끅,2
1709,꿰,2
1710,꽝,2
1711,껸,2
1712,깽,2
1713,귿,2
1714,궂,2
1715,곯,2
1716,겡,2
1717,겅,2
1718,8,2
1719,5,2
1720,1,2
1721,힛,1
1722,휸,1
1723,휜,1
1724,훝,1
1725,훙,1
1726,훕,1
1727,홰,1
1728,혤,1
1729,혓,1
1730,햬,1
1731,햅,1
1732,픙,1
1733,픗,1
1734,픕,1
1735,픅,1
1736,퓩,1
1737,풰,1
1738,푱,1
1739,푤,1
1740,폄,1
1741,틔,1
1742,틍,1
1743,튄,1
1744,튁,1
1745,퉜,1
1746,툿,1
1747,퇸,1
1748,톺,1
1749,텟,1
1750,텄,1
1751,탤,1
1752,탉,1
1753,큽,1
1754,큇,1
1755,퀼,1
1756,퀭,1
1757,콰,1
1758,켸,1
1759,켤,1
1760,켕,1
1761,켐,1
1762,컾,1
1763,캭,1
1764,캬,1
1765,캤,1
1766,캍,1
1767,캅,1
1768,칡,1
1769,츈,1
1770,췻,1
1771,췬,1
1772,춴,1
1773,촤,1
1774,촙,1
1775,쳥,1
1776,쳉,1
1777,챚,1
1778,쯪,1
1779,쭌,1
1780,쫒,1
1781,쪗,1
1782,쩬,1
1783,쨋,1
1784,쨉,1
1785,짦,1
1786,짔,1
1787,짊,1
1788,쥘,1
1789,줜,1
1790,줐,1
1791,죵,1
1792,좜,1
1793,좐,1
1794,좃,1
1795,졔,1
1796,졀,1
1797,젔,1
1798,잿,1
1799,잽,1
1800,읜,1
1801,읖,1
1802,읓,1
1803,읐,1
1804,왬,1
1805,옯,1
1806,옭,1
1807,옘,1
1808,엡,1
1809,얖,1
1810,얏,1
1811,얋,1
1812,앳,1
1813,앎,1
1814,씼,1
1815,쓍,1
1816,쒯,1
1817,쒀,1
1818,쑹,1
1819,쑬,1
1820,쐐,1
1821,쎠,1
1822,쎙,1
1823,쎅,1
1824,썻,1
1825,썜,1
1826,쌜,1
1827,쉿,1
1828,숩,1
1829,숀,1
1830,쇽,1
1831,솝,1
1832,셴,1
1833,샛,1
1834,쁸,1
1835,뿟,1
1836,뿝,1
1837,뿍,1
1838,뽝,1
1839,뽜,1
1840,뽄,1
1841,뻰,1
1842,봥,1
1843,봣,1
1844,볐,1
1845,벛,1
1846,밷,1
1847,뭬,1
1848,뭍,1
1849,뭄,1
1850,묙,1
1851,묀,1
1852,뫠,1
1853,몄,1
1854,몀,1
1855,멏,1
1856,멎,1
1857,먺,1
1858,먁,1
1859,맽,1
1860,맜,1
1861,맀,1
1862,릈,1
1863,뤤,1
1864,뤠,1
1865,룟,1
1866,룔,1
1867,롄,1
1868,랒,1
1869,띤,1
1870,띌,1
1871,띈,1
1872,뜽,1
1873,뜹,1
1874,뚸,1
1875,똡,1
1876,뗬,1
1877,떫,1
1878,떔,1
1879,듶,1
1880,뒴,1
1881,됫,1
1882,돠,1
1883,덫,1
1884,댤,1
1885,댑,1
1886,닸,1
1887,닲,1
1888,늰,1
1889,늉,1
1890,뉸,1
1891,뉩,1
1892,눟,1
1893,눓,1
1894,뇽,1
1895,놘,1
1896,놉,1
1897,넵,1
1898,넴,1
1899,넋,1
1900,낢,1
1901,낏,1
1902,꿘,1
1903,꿑,1
1904,꽹,1
1905,꽐,1
1906,꼇,1
1907,꼄,1
1908,꺌,1
1909,깸,1
1910,깞,1
1911,귯,1
1912,굥,1
1913,굣,1
1914,괏,1
1915,곌,1
1916,걋,1
1917,갹,1
1918,갉,1
1919,z,1
1920,Z,1
1921,7,1
1922,4,1
